-- JoinJoy — Seed Sample Data
-- This script assumes the main schema already exists.

-- =========================================================
-- SAMPLE EVENT
-- =========================================================
insert into public.events (
  id,
  share_token,
  title,
  venue_name,
  currency,
  service_charge_type,
  service_charge_rate,
  vat_type,
  vat_rate,
  status,
  host_name,
  calculation_note
) values (
  '11111111-1111-1111-1111-111111111111',
  'jazz-night-demo',
  'Jazz Night at Jazz Bar',
  'Blue Note Bar',
  'THB',
  'percentage',
  10.0,
  'percentage',
  7.0,
  'claiming',
  'First',
  'SC and VAT are distributed proportionally based on claimed subtotal.'
)
on conflict (id) do nothing;

-- =========================================================
-- SAMPLE PARTICIPANTS
-- =========================================================
insert into public.participants (
  id,
  event_id,
  display_name,
  joined_at,
  is_host,
  status
) values
(
  '22222222-2222-2222-2222-222222222221',
  '11111111-1111-1111-1111-111111111111',
  'First',
  now(),
  true,
  'claimed'
),
(
  '22222222-2222-2222-2222-222222222222',
  '11111111-1111-1111-1111-111111111111',
  'Frame',
  now(),
  false,
  'joined'
),
(
  '22222222-2222-2222-2222-222222222223',
  '11111111-1111-1111-1111-111111111111',
  'Aom',
  now(),
  false,
  'joined'
),
(
  '22222222-2222-2222-2222-222222222224',
  '11111111-1111-1111-1111-111111111111',
  'Bank',
  null,
  false,
  'invited'
)
on conflict (id) do nothing;

-- =========================================================
-- SAMPLE ITEMS
-- =========================================================
insert into public.items (
  id,
  event_id,
  name,
  price,
  quantity,
  assignment_mode,
  status,
  sort_order
) values
(
  '33333333-3333-3333-3333-333333333331',
  '11111111-1111-1111-1111-111111111111',
  'Steak',
  280.00,
  1,
  'claim_later',
  'claimed',
  1
),
(
  '33333333-3333-3333-3333-333333333332',
  '11111111-1111-1111-1111-111111111111',
  'Truffle Fries',
  180.00,
  1,
  'claim_later',
  'claimed',
  2
),
(
  '33333333-3333-3333-3333-333333333333',
  '11111111-1111-1111-1111-111111111111',
  'Water',
  40.00,
  1,
  'shared_selected',
  'claimed',
  3
),
(
  '33333333-3333-3333-3333-333333333334',
  '11111111-1111-1111-1111-111111111111',
  'Cocktail',
  320.00,
  1,
  'claim_later',
  'claimed',
  4
),
(
  '33333333-3333-3333-3333-333333333335',
  '11111111-1111-1111-1111-111111111111',
  'Nachos',
  220.00,
  1,
  'claim_later',
  'partial',
  5
),
(
  '33333333-3333-3333-3333-333333333336',
  '11111111-1111-1111-1111-111111111111',
  'Service Water Bottle',
  30.00,
  1,
  'unclaimed',
  'unclaimed',
  6
)
on conflict (id) do nothing;

-- =========================================================
-- SAMPLE CLAIMS
-- Steak -> First
-- Truffle Fries -> First + Frame + Aom
-- Water -> First + Frame + Aom
-- Cocktail -> Frame
-- Nachos -> First + Aom
-- =========================================================
insert into public.item_claims (
  id,
  event_id,
  item_id,
  participant_id,
  split_amount,
  split_ratio,
  created_by_type
) values
(
  '44444444-4444-4444-4444-444444444441',
  '11111111-1111-1111-1111-111111111111',
  '33333333-3333-3333-3333-333333333331',
  '22222222-2222-2222-2222-222222222221',
  280.00,
  1.0,
  'participant'
),
(
  '44444444-4444-4444-4444-444444444442',
  '11111111-1111-1111-1111-111111111111',
  '33333333-3333-3333-3333-333333333332',
  '22222222-2222-2222-2222-222222222221',
  60.00,
  0.333333,
  'participant'
),
(
  '44444444-4444-4444-4444-444444444443',
  '11111111-1111-1111-1111-111111111111',
  '33333333-3333-3333-3333-333333333332',
  '22222222-2222-2222-2222-222222222222',
  60.00,
  0.333333,
  'participant'
),
(
  '44444444-4444-4444-4444-444444444444',
  '11111111-1111-1111-1111-111111111111',
  '33333333-3333-3333-3333-333333333332',
  '22222222-2222-2222-2222-222222222223',
  60.00,
  0.333333,
  'participant'
),
(
  '44444444-4444-4444-4444-444444444445',
  '11111111-1111-1111-1111-111111111111',
  '33333333-3333-3333-3333-333333333333',
  '22222222-2222-2222-2222-222222222221',
  13.33,
  0.333333,
  'system'
),
(
  '44444444-4444-4444-4444-444444444446',
  '11111111-1111-1111-1111-111111111111',
  '33333333-3333-3333-3333-333333333333',
  '22222222-2222-2222-2222-222222222222',
  13.33,
  0.333333,
  'system'
),
(
  '44444444-4444-4444-4444-444444444447',
  '11111111-1111-1111-1111-111111111111',
  '33333333-3333-3333-3333-333333333333',
  '22222222-2222-2222-2222-222222222223',
  13.34,
  0.333334,
  'system'
),
(
  '44444444-4444-4444-4444-444444444448',
  '11111111-1111-1111-1111-111111111111',
  '33333333-3333-3333-3333-333333333334',
  '22222222-2222-2222-2222-222222222222',
  320.00,
  1.0,
  'participant'
),
(
  '44444444-4444-4444-4444-444444444449',
  '11111111-1111-1111-1111-111111111111',
  '33333333-3333-3333-3333-333333333335',
  '22222222-2222-2222-2222-222222222221',
  110.00,
  0.5,
  'participant'
),
(
  '44444444-4444-4444-4444-444444444450',
  '11111111-1111-1111-1111-111111111111',
  '33333333-3333-3333-3333-333333333335',
  '22222222-2222-2222-2222-222222222223',
  110.00,
  0.5,
  'participant'
)
on conflict (id) do nothing;

-- =========================================================
-- SAMPLE PAYOUT METHOD
-- =========================================================
insert into public.payout_methods (
  id,
  event_id,
  payout_type,
  recipient_name,
  bank_name,
  account_number,
  qr_image_path
) values (
  '55555555-5555-5555-5555-555555555551',
  '11111111-1111-1111-1111-111111111111',
  'mixed',
  'Thanabat',
  'KBank',
  '123-4-56789-0',
  'payout-qr/11111111-1111-1111-1111-111111111111/qr-demo.png'
)
on conflict (id) do nothing;

-- =========================================================
-- OPTIONAL: refresh statuses for seeded items
-- =========================================================
select public.refresh_item_status('33333333-3333-3333-3333-333333333331');
select public.refresh_item_status('33333333-3333-3333-3333-333333333332');
select public.refresh_item_status('33333333-3333-3333-3333-333333333333');
select public.refresh_item_status('33333333-3333-3333-3333-333333333334');
select public.refresh_item_status('33333333-3333-3333-3333-333333333335');
select public.refresh_item_status('33333333-3333-3333-3333-333333333336');

-- =========================================================
-- OPTIONAL: example finalization
-- Uncomment if you want to generate final payment snapshots
-- =========================================================
-- select public.finalize_event('11111111-1111-1111-1111-111111111111');
